-- INSERT Habitaciones (80)
INSERT INTO Habitaciones (NumeroHabitacion, TipoHabitacion, Capacidad, PrecioNoche) VALUES (101, 'Individual', 1, 55.00);
INSERT INTO Habitaciones (NumeroHabitacion, TipoHabitacion, Capacidad, PrecioNoche) VALUES (102, 'Doble', 2, 85.00);
INSERT INTO Habitaciones (NumeroHabitacion, TipoHabitacion, Capacidad, PrecioNoche) VALUES (103, 'Individual', 1, 52.50);
INSERT INTO Habitaciones (NumeroHabitacion, TipoHabitacion, Capacidad, PrecioNoche) VALUES (104, 'Familiar', 4, 125.00);
INSERT INTO Habitaciones (NumeroHabitacion, TipoHabitacion, Capacidad, PrecioNoche) VALUES (105, 'Doble', 2, 90.00);
INSERT INTO Habitaciones (NumeroHabitacion, TipoHabitacion, Capacidad, PrecioNoche) VALUES (106, 'Individual', 1, 58.00);
INSERT INTO Habitaciones (NumeroHabitacion, TipoHabitacion, Capacidad, PrecioNoche) VALUES (107, 'Suite', 2, 180.00);
INSERT INTO Habitaciones (NumeroHabitacion, TipoHabitacion, Capacidad, PrecioNoche) VALUES (108, 'Doble', 2, 88.00);
INSERT INTO Habitaciones (NumeroHabitacion, TipoHabitacion, Capacidad, PrecioNoche) VALUES (109, 'Individual', 1, 50.00);
INSERT INTO Habitaciones (NumeroHabitacion, TipoHabitacion, Capacidad, PrecioNoche) VALUES (110, 'Familiar', 3, 115.00);
INSERT INTO Habitaciones (NumeroHabitacion, TipoHabitacion, Capacidad, PrecioNoche) VALUES (111, 'Doble', 2, 92.00);
INSERT INTO Habitaciones (NumeroHabitacion, TipoHabitacion, Capacidad, PrecioNoche) VALUES (112, 'Individual', 1, 56.50);
INSERT INTO Habitaciones (NumeroHabitacion, TipoHabitacion, Capacidad, PrecioNoche) VALUES (113, 'Doble', 2, 87.50);
INSERT INTO Habitaciones (NumeroHabitacion, TipoHabitacion, Capacidad, PrecioNoche) VALUES (114, 'Individual', 1, 53.00);
INSERT INTO Habitaciones (NumeroHabitacion, TipoHabitacion, Capacidad, PrecioNoche) VALUES (115, 'Familiar', 5, 130.00);
INSERT INTO Habitaciones (NumeroHabitacion, TipoHabitacion, Capacidad, PrecioNoche) VALUES (116, 'Doble', 2, 95.00);
INSERT INTO Habitaciones (NumeroHabitacion, TipoHabitacion, Capacidad, PrecioNoche) VALUES (117, 'Suite', 3, 200.00);
INSERT INTO Habitaciones (NumeroHabitacion, TipoHabitacion, Capacidad, PrecioNoche) VALUES (118, 'Individual', 1, 51.00);
INSERT INTO Habitaciones (NumeroHabitacion, TipoHabitacion, Capacidad, PrecioNoche) VALUES (119, 'Doble', 2, 89.50);
INSERT INTO Habitaciones (NumeroHabitacion, TipoHabitacion, Capacidad, PrecioNoche) VALUES (120, 'Familiar', 4, 128.00);
INSERT INTO Habitaciones (NumeroHabitacion, TipoHabitacion, Capacidad, PrecioNoche) VALUES (121, 'Doble', 2, 91.50);
INSERT INTO Habitaciones (NumeroHabitacion, TipoHabitacion, Capacidad, PrecioNoche) VALUES (201, 'Individual', 1, 54.00);
INSERT INTO Habitaciones (NumeroHabitacion, TipoHabitacion, Capacidad, PrecioNoche) VALUES (202, 'Doble', 2, 86.00);
INSERT INTO Habitaciones (NumeroHabitacion, TipoHabitacion, Capacidad, PrecioNoche) VALUES (203, 'Familiar', 3, 118.00);
INSERT INTO Habitaciones (NumeroHabitacion, TipoHabitacion, Capacidad, PrecioNoche) VALUES (204, 'Individual', 1, 57.00);
INSERT INTO Habitaciones (NumeroHabitacion, TipoHabitacion, Capacidad, PrecioNoche) VALUES (205, 'Suite', 2, 190.00);
INSERT INTO Habitaciones (NumeroHabitacion, TipoHabitacion, Capacidad, PrecioNoche) VALUES (206, 'Doble', 2, 93.00);
INSERT INTO Habitaciones (NumeroHabitacion, TipoHabitacion, Capacidad, PrecioNoche) VALUES (207, 'Individual', 1, 51.50);
INSERT INTO Habitaciones (NumeroHabitacion, TipoHabitacion, Capacidad, PrecioNoche) VALUES (208, 'Familiar', 5, 135.00);
INSERT INTO Habitaciones (NumeroHabitacion, TipoHabitacion, Capacidad, PrecioNoche) VALUES (209, 'Doble', 2, 88.50);
INSERT INTO Habitaciones (NumeroHabitacion, TipoHabitacion, Capacidad, PrecioNoche) VALUES (210, 'Individual', 1, 59.00);
INSERT INTO Habitaciones (NumeroHabitacion, TipoHabitacion, Capacidad, PrecioNoche) VALUES (211, 'Doble', 2, 90.50);
INSERT INTO Habitaciones (NumeroHabitacion, TipoHabitacion, Capacidad, PrecioNoche) VALUES (212, 'Individual', 1, 52.00);
INSERT INTO Habitaciones (NumeroHabitacion, TipoHabitacion, Capacidad, PrecioNoche) VALUES (213, 'Familiar', 4, 122.00);
INSERT INTO Habitaciones (NumeroHabitacion, TipoHabitacion, Capacidad, PrecioNoche) VALUES (214, 'Suite', 3, 215.00);
INSERT INTO Habitaciones (NumeroHabitacion, TipoHabitacion, Capacidad, PrecioNoche) VALUES (215, 'Doble', 2, 94.00);
INSERT INTO Habitaciones (NumeroHabitacion, TipoHabitacion, Capacidad, PrecioNoche) VALUES (216, 'Individual', 1, 55.50);
INSERT INTO Habitaciones (NumeroHabitacion, TipoHabitacion, Capacidad, PrecioNoche) VALUES (217, 'Doble', 2, 87.00);
INSERT INTO Habitaciones (NumeroHabitacion, TipoHabitacion, Capacidad, PrecioNoche) VALUES (218, 'Familiar', 3, 119.50);
INSERT INTO Habitaciones (NumeroHabitacion, TipoHabitacion, Capacidad, PrecioNoche) VALUES (219, 'Individual', 1, 53.50);
INSERT INTO Habitaciones (NumeroHabitacion, TipoHabitacion, Capacidad, PrecioNoche) VALUES (220, 'Doble', 2, 91.00);
INSERT INTO Habitaciones (NumeroHabitacion, TipoHabitacion, Capacidad, PrecioNoche) VALUES (221, 'Familiar', 5, 132.50);
INSERT INTO Habitaciones (NumeroHabitacion, TipoHabitacion, Capacidad, PrecioNoche) VALUES (301, 'Individual', 1, 56.00);
INSERT INTO Habitaciones (NumeroHabitacion, TipoHabitacion, Capacidad, PrecioNoche) VALUES (302, 'Doble', 2, 89.00);
INSERT INTO Habitaciones (NumeroHabitacion, TipoHabitacion, Capacidad, PrecioNoche) VALUES (303, 'Suite', 2, 195.00);
INSERT INTO Habitaciones (NumeroHabitacion, TipoHabitacion, Capacidad, PrecioNoche) VALUES (304, 'Individual', 1, 50.50);
INSERT INTO Habitaciones (NumeroHabitacion, TipoHabitacion, Capacidad, PrecioNoche) VALUES (305, 'Familiar', 4, 126.50);
INSERT INTO Habitaciones (NumeroHabitacion, TipoHabitacion, Capacidad, PrecioNoche) VALUES (306, 'Doble', 2, 92.50);
INSERT INTO Habitaciones (NumeroHabitacion, TipoHabitacion, Capacidad, PrecioNoche) VALUES (307, 'Individual', 1, 54.50);
INSERT INTO Habitaciones (NumeroHabitacion, TipoHabitacion, Capacidad, PrecioNoche) VALUES (308, 'Doble', 2, 86.50);
INSERT INTO Habitaciones (NumeroHabitacion, TipoHabitacion, Capacidad, PrecioNoche) VALUES (309, 'Familiar', 3, 121.00);
INSERT INTO Habitaciones (NumeroHabitacion, TipoHabitacion, Capacidad, PrecioNoche) VALUES (310, 'Individual', 1, 57.50);
INSERT INTO Habitaciones (NumeroHabitacion, TipoHabitacion, Capacidad, PrecioNoche) VALUES (311, 'Doble', 2, 94.50);
INSERT INTO Habitaciones (NumeroHabitacion, TipoHabitacion, Capacidad, PrecioNoche) VALUES (312, 'Suite', 3, 205.00);
INSERT INTO Habitaciones (NumeroHabitacion, TipoHabitacion, Capacidad, PrecioNoche) VALUES (313, 'Individual', 1, 51.00);
INSERT INTO Habitaciones (NumeroHabitacion, TipoHabitacion, Capacidad, PrecioNoche) VALUES (314, 'Familiar', 5, 138.00);
INSERT INTO Habitaciones (NumeroHabitacion, TipoHabitacion, Capacidad, PrecioNoche) VALUES (315, 'Doble', 2, 89.50);
INSERT INTO Habitaciones (NumeroHabitacion, TipoHabitacion, Capacidad, PrecioNoche) VALUES (316, 'Individual', 1, 55.00);
INSERT INTO Habitaciones (NumeroHabitacion, TipoHabitacion, Capacidad, PrecioNoche) VALUES (317, 'Doble', 2, 91.00);
INSERT INTO Habitaciones (NumeroHabitacion, TipoHabitacion, Capacidad, PrecioNoche) VALUES (318, 'Familiar', 4, 124.00);
INSERT INTO Habitaciones (NumeroHabitacion, TipoHabitacion, Capacidad, PrecioNoche) VALUES (319, 'Individual', 1, 52.50);
INSERT INTO Habitaciones (NumeroHabitacion, TipoHabitacion, Capacidad, PrecioNoche) VALUES (320, 'Doble', 2, 93.50);
INSERT INTO Habitaciones (NumeroHabitacion, TipoHabitacion, Capacidad, PrecioNoche) VALUES (321, 'Familiar', 3, 117.00);
INSERT INTO Habitaciones (NumeroHabitacion, TipoHabitacion, Capacidad, PrecioNoche) VALUES (401, 'Suite', 2, 220.00);
INSERT INTO Habitaciones (NumeroHabitacion, TipoHabitacion, Capacidad, PrecioNoche) VALUES (402, 'Doble', 2, 90.00);
INSERT INTO Habitaciones (NumeroHabitacion, TipoHabitacion, Capacidad, PrecioNoche) VALUES (403, 'Individual', 1, 58.00);
INSERT INTO Habitaciones (NumeroHabitacion, TipoHabitacion, Capacidad, PrecioNoche) VALUES (404, 'Familiar', 4, 130.00);
INSERT INTO Habitaciones (NumeroHabitacion, TipoHabitacion, Capacidad, PrecioNoche) VALUES (405, 'Doble', 2, 87.50);
INSERT INTO Habitaciones (NumeroHabitacion, TipoHabitacion, Capacidad, PrecioNoche) VALUES (406, 'Individual', 1, 53.00);
INSERT INTO Habitaciones (NumeroHabitacion, TipoHabitacion, Capacidad, PrecioNoche) VALUES (407, 'Suite', 3, 230.00);
INSERT INTO Habitaciones (NumeroHabitacion, TipoHabitacion, Capacidad, PrecioNoche) VALUES (408, 'Doble', 2, 95.00);
INSERT INTO Habitaciones (NumeroHabitacion, TipoHabitacion, Capacidad, PrecioNoche) VALUES (409, 'Individual', 1, 56.50);
INSERT INTO Habitaciones (NumeroHabitacion, TipoHabitacion, Capacidad, PrecioNoche) VALUES (410, 'Familiar', 5, 140.00);
INSERT INTO Habitaciones (NumeroHabitacion, TipoHabitacion, Capacidad, PrecioNoche) VALUES (411, 'Doble', 2, 88.00);
INSERT INTO Habitaciones (NumeroHabitacion, TipoHabitacion, Capacidad, PrecioNoche) VALUES (412, 'Individual', 1, 51.50);
INSERT INTO Habitaciones (NumeroHabitacion, TipoHabitacion, Capacidad, PrecioNoche) VALUES (413, 'Doble', 2, 92.00);
INSERT INTO Habitaciones (NumeroHabitacion, TipoHabitacion, Capacidad, PrecioNoche) VALUES (414, 'Individual', 1, 59.00);
INSERT INTO Habitaciones (NumeroHabitacion, TipoHabitacion, Capacidad, PrecioNoche) VALUES (415, 'Familiar', 3, 125.00);
INSERT INTO Habitaciones (NumeroHabitacion, TipoHabitacion, Capacidad, PrecioNoche) VALUES (416, 'Suite', 2, 210.00);
INSERT INTO Habitaciones (NumeroHabitacion, TipoHabitacion, Capacidad, PrecioNoche) VALUES (417, 'Doble', 2, 91.50);
INSERT INTO Habitaciones (NumeroHabitacion, TipoHabitacion, Capacidad, PrecioNoche) VALUES (418, 'Individual', 1, 54.00);
INSERT INTO Habitaciones (NumeroHabitacion, TipoHabitacion, Capacidad, PrecioNoche) VALUES (419, 'Doble', 2, 89.00);
INSERT INTO Habitaciones (NumeroHabitacion, TipoHabitacion, Capacidad, PrecioNoche) VALUES (420, 'Familiar', 4, 135.00);
INSERT INTO Habitaciones (NumeroHabitacion, TipoHabitacion, Capacidad, PrecioNoche) VALUES (421, 'Individual', 1, 57.00);

--INSERT Empleados (10)
INSERT INTO Empleados (EmpleadoDni, Nombre, Apellido, Puesto, Email, Telefono, Jornada, HorasExtra, Salario) VALUES ('25701845Z', 'Ana', 'García', 'Gerente', 'ana.garcia@hotel.com', '612345678', 'Completa', 5, 3000.00);
INSERT INTO Empleados (EmpleadoDni, Nombre, Apellido, Puesto, Email, Telefono, Jornada, HorasExtra, Salario) VALUES ('48963258P', 'Juan', 'Pérez', 'Recepcionista', 'juan.perez@hotel.com', '623456789', 'Completa', 10, 1800.00);
INSERT INTO Empleados (EmpleadoDni, Nombre, Apellido, Puesto, Email, Telefono, Jornada, HorasExtra, Salario) VALUES ('37852146L', 'María', 'López', 'Camarera de Pisos', 'maria.lopez@hotel.com', '634567890', 'Parcial', 0, 1200.00);
INSERT INTO Empleados (EmpleadoDni, Nombre, Apellido, Puesto, Email, Telefono, Jornada, HorasExtra, Salario) VALUES ('19638527A', 'Carlos', 'Martínez', 'Cocinero', 'carlos.martinez@hotel.com', '645678901', 'Completa', 12, 2200.00);
INSERT INTO Empleados (EmpleadoDni, Nombre, Apellido, Puesto, Email, Telefono, Jornada, HorasExtra, Salario) VALUES ('92581473B', 'Laura', 'Sánchez', 'Ayudante de Cocina', 'laura.sanchez@hotel.com', '656789012', 'Parcial', 3, 1300.00);
INSERT INTO Empleados (EmpleadoDni, Nombre, Apellido, Puesto, Email, Telefono, Jornada, HorasExtra, Salario) VALUES ('61478529C', 'Pedro', 'Ramírez', 'Mantenimiento', 'pedro.ramirez@hotel.com', '667890123', 'Completa', 8, 1900.00);
INSERT INTO Empleados (EmpleadoDni, Nombre, Apellido, Puesto, Email, Telefono, Jornada, HorasExtra, Salario) VALUES ('74185296D', 'Sofía', 'Fernández', 'Directora de RRHH', 'sofia.fernandez@hotel.com', '678901234', 'Completa', 0, 2800.00);
INSERT INTO Empleados (EmpleadoDni, Nombre, Apellido, Puesto, Email, Telefono, Jornada, HorasExtra, Salario) VALUES ('28596314E', 'Javier', 'Gómez', 'Sumiller', 'javier.gomez@hotel.com', '689012345', 'Completa', 6, 2000.00);
INSERT INTO Empleados (EmpleadoDni, Nombre, Apellido, Puesto, Email, Telefono, Jornada, HorasExtra, Salario) VALUES ('52963147F', 'Isabel', 'Ruiz', 'Animador', 'isabel.ruiz@hotel.com', '690123456', 'Parcial', 2, 1400.00);
INSERT INTO Empleados (EmpleadoDni, Nombre, Apellido, Puesto, Email, Telefono, Jornada, HorasExtra, Salario) VALUES ('85296310G', 'Miguel', 'Díaz', 'Jefe de Seguridad', 'miguel.diaz@hotel.com', '601234567', 'Completa', 9, 2100.00);


--INSERT Clientes (50)
INSERT INTO Clientes (ClienteDni, Nombre, Apellido, Email, Telefono, Direccion) VALUES ('12345678A', 'Ana', 'García', 'ana.garcia@email.com', '612345678', 'Calle Mayor 1, Madrid');
INSERT INTO Clientes (ClienteDni, Nombre, Apellido, Email, Telefono, Direccion) VALUES ('23456789B', 'Juan', 'Pérez', 'juan.perez@email.com', '623456789', 'Plaza del Sol 2, Barcelona');
INSERT INTO Clientes (ClienteDni, Nombre, Apellido, Email, Telefono, Direccion) VALUES ('34567890C', 'María', 'López', 'maria.lopez@email.com', '634567890', 'Gran Vía 3, Valencia');
INSERT INTO Clientes (ClienteDni, Nombre, Apellido, Email, Telefono, Direccion) VALUES ('45678901D', 'Carlos', 'Martínez', 'carlos.martinez@email.com', '645678901', 'Calle Real 4, Sevilla');
INSERT INTO Clientes (ClienteDni, Nombre, Apellido, Email, Telefono, Direccion) VALUES ('56789012E', 'Laura', 'Sánchez', 'laura.sanchez@email.com', '656789012', 'Avenida de la Constitución 5, Zaragoza');
INSERT INTO Clientes (ClienteDni, Nombre, Apellido, Email, Telefono, Direccion) VALUES ('67890123F', 'Pedro', 'Ramírez', 'pedro.ramirez@email.com', '667890123', 'Calle Alcalá 6, Madrid');
INSERT INTO Clientes (ClienteDni, Nombre, Apellido, Email, Telefono, Direccion) VALUES ('78901234G', 'Sofía', 'Fernández', 'sofia.fernandez@email.com', '678901234', 'Plaza Mayor 7, Salamanca');
INSERT INTO Clientes (ClienteDni, Nombre, Apellido, Email, Telefono, Direccion) VALUES ('89012345H', 'Javier', 'Gómez', 'javier.gomez@email.com', '689012345', 'Calle Larios 8, Málaga');
INSERT INTO Clientes (ClienteDni, Nombre, Apellido, Email, Telefono, Direccion) VALUES ('90123456I', 'Isabel', 'Ruiz', 'isabel.ruiz@email.com', '690123456', 'Gran Vía 9, Bilbao');
INSERT INTO Clientes (ClienteDni, Nombre, Apellido, Email, Telefono, Direccion) VALUES ('01234567J', 'Miguel', 'Díaz', 'miguel.diaz@email.com', '601234567', 'Calle Colón 10, Valencia');
INSERT INTO Clientes (ClienteDni, Nombre, Apellido, Email, Telefono, Direccion) VALUES ('11223344K', 'Elena', 'Jiménez', 'elena.jimenez@email.com', '611223344', 'Calle Betis 11, Sevilla');
INSERT INTO Clientes (ClienteDni, Nombre, Apellido, Email, Telefono, Direccion) VALUES ('22334455L', 'David', 'Moreno', 'david.moreno@email.com', '622334455', 'Plaza de España 12, Zaragoza');
INSERT INTO Clientes (ClienteDni, Nombre, Apellido, Email, Telefono, Direccion) VALUES ('33445566M', 'Raquel', 'Romero', 'raquel.romero@email.com', '633445566', 'Calle del Pez 13, Madrid');
INSERT INTO Clientes (ClienteDni, Nombre, Apellido, Email, Telefono, Direccion) VALUES ('44556677N', 'Sergio', 'Álvarez', 'sergio.alvarez@email.com', '644556677', 'Gran Vía 14, Barcelona');
INSERT INTO Clientes (ClienteDni, Nombre, Apellido, Email, Telefono, Direccion) VALUES ('55667788O', 'Cristina', 'Gutiérrez', 'cristina.gutierrez@email.com', '655667788', 'Calle de la Rosa 15, Valencia');
INSERT INTO Clientes (ClienteDni, Nombre, Apellido, Email, Telefono, Direccion) VALUES ('66778899P', 'Adrián', 'Ruiz', 'adrian.ruiz@email.com', '666778899', 'Avenida de América 16, Madrid');
INSERT INTO Clientes (ClienteDni, Nombre, Apellido, Email, Telefono, Direccion) VALUES ('77889900Q', 'Lorena', 'Fernández', 'lorena.fernandez@email.com', '677889900', 'Calle San Juan 17, Pamplona');
INSERT INTO Clientes (ClienteDni, Nombre, Apellido, Email, Telefono, Direccion) VALUES ('88990011R', 'Rubén', 'Gómez', 'ruben.gomez@email.com', '688990011', 'Plaza del Carmen 18, Granada');
INSERT INTO Clientes (ClienteDni, Nombre, Apellido, Email, Telefono, Direccion) VALUES ('99001122S', 'Natalia', 'Díaz', 'natalia.diaz@email.com', '699001122', 'Calle Mayor 19, Toledo');
INSERT INTO Clientes (ClienteDni, Nombre, Apellido, Email, Telefono, Direccion) VALUES ('00112233T', 'Héctor', 'Jiménez', 'hector.jimenez@email.com', '600112233', 'Gran Vía 20, Oviedo');
INSERT INTO Clientes (ClienteDni, Nombre, Apellido, Email, Telefono, Direccion) VALUES ('12345678B', 'Marta', 'García', 'marta.garcia@email.com', '612345679', 'Calle del Sol 21, Madrid');
INSERT INTO Clientes (ClienteDni, Nombre, Apellido, Email, Telefono, Direccion) VALUES ('23456789C', 'Javier', 'Pérez', 'javier.perez@email.com', '623456790', 'Plaza de la Luna 22, Barcelona');
INSERT INTO Clientes (ClienteDni, Nombre, Apellido, Email, Telefono, Direccion) VALUES ('34567890D', 'Lucía', 'López', 'lucia.lopez@email.com', '634567901', 'Gran Vía 23, Valencia');
INSERT INTO Clientes (ClienteDni, Nombre, Apellido, Email, Telefono, Direccion) VALUES ('45678901E', 'Fernando', 'Martínez', 'fernando.martinez@email.com', '645679012', 'Calle Real 24, Sevilla');
INSERT INTO Clientes (ClienteDni, Nombre, Apellido, Email, Telefono, Direccion) VALUES ('56789012F', 'Isabel', 'Sánchez', 'isabel.sanchez@email.com', '656790123', 'Avenida de la Constitución 25, Zaragoza');
INSERT INTO Clientes (ClienteDni, Nombre, Apellido, Email, Telefono, Direccion) VALUES ('67890123G', 'Diego', 'Ramírez', 'diego.ramirez@email.com', '667901234', 'Calle Alcalá 26, Madrid');
INSERT INTO Clientes (ClienteDni, Nombre, Apellido, Email, Telefono, Direccion) VALUES ('78901234H', 'Paula', 'Fernández', 'paula.fernandez@email.com', '678901235', 'Plaza Mayor 27, Salamanca');
INSERT INTO Clientes (ClienteDni, Nombre, Apellido, Email, Telefono, Direccion) VALUES ('89012345I', 'Alberto', 'Gómez', 'alberto.gomez@email.com', '689012346', 'Calle Larios 28, Málaga');
INSERT INTO Clientes (ClienteDni, Nombre, Apellido, Email, Telefono, Direccion) VALUES ('90123456J', 'Carmen', 'Ruiz', 'carmen.ruiz@email.com', '690123457', 'Gran Vía 29, Bilbao');
INSERT INTO Clientes (ClienteDni, Nombre, Apellido, Email, Telefono, Direccion) VALUES ('01234567K', 'Víctor', 'Díaz', 'victor.diaz@email.com', '601234568', 'Calle Colón 30, Valencia');
INSERT INTO Clientes (ClienteDni, Nombre, Apellido, Email, Telefono, Direccion) VALUES ('11223344L', 'Silvia', 'Jiménez', 'silvia.jimenez@email.com', '611223345', 'Calle Betis 31, Sevilla');
INSERT INTO Clientes (ClienteDni, Nombre, Apellido, Email, Telefono, Direccion) VALUES ('22334455M', 'Roberto', 'Moreno', 'roberto.moreno@email.com', '622334467', 'Plaza de España 32, Zaragoza');
INSERT INTO Clientes (ClienteDni, Nombre, Apellido, Email, Telefono, Direccion) VALUES ('33445566N', 'Sara', 'Romero', 'sara.romero@email.com', '633445578', 'Calle del Pez 33, Madrid');
INSERT INTO Clientes (ClienteDni, Nombre, Apellido, Email, Telefono, Direccion) VALUES ('44556677O', 'Daniel', 'Álvarez', 'daniel.alvarez@email.com', '644556689', 'Gran Vía 34, Barcelona');
INSERT INTO Clientes (ClienteDni, Nombre, Apellido, Email, Telefono, Direccion) VALUES ('55667788P', 'Elena', 'Gutiérrez', 'elena.gutierrez@email.com', '655667790', 'Calle de la Rosa 35, Valencia');
INSERT INTO Clientes (ClienteDni, Nombre, Apellido, Email, Telefono, Direccion) VALUES ('66778899Q', 'Javier', 'Ruiz', 'javier.ruiz@email.com', '666778901', 'Avenida de América 36, Madrid');
INSERT INTO Clientes (ClienteDni, Nombre, Apellido, Email, Telefono, Direccion) VALUES ('77889900R', 'Marta', 'Fernández', 'marta.fernandez@email.com', '677889912', 'Calle San Juan 37, Pamplona');
INSERT INTO Clientes (ClienteDni, Nombre, Apellido, Email, Telefono, Direccion) VALUES ('88990011S', 'Carlos', 'Gómez', 'carlos.gomez@email.com', '688990023', 'Plaza del Carmen 38, Granada');
INSERT INTO Clientes (ClienteDni, Nombre, Apellido, Email, Telefono, Direccion) VALUES ('99001122T', 'Laura', 'Díaz', 'laura.diaz@email.com', '699001134', 'Calle Mayor 39, Toledo');
INSERT INTO Clientes (ClienteDni, Nombre, Apellido, Email, Telefono, Direccion) VALUES ('00112233U', 'Pedro', 'Jiménez', 'pedro.jimenez@email.com', '600112245', 'Gran Vía 40, Oviedo');
INSERT INTO Clientes (ClienteDni, Nombre, Apellido, Email, Telefono, Direccion) VALUES ('12345678C', 'Sofía', 'García', 'sofia.garcia@email.com', '612345680', 'Calle del Sol 41, Madrid');
INSERT INTO Clientes (ClienteDni, Nombre, Apellido, Email, Telefono, Direccion) VALUES ('23456789D', 'Miguel', 'Pérez', 'miguel.perez@email.com', '623456791', 'Plaza de la Luna 42, Barcelona');
INSERT INTO Clientes (ClienteDni, Nombre, Apellido, Email, Telefono, Direccion) VALUES ('34567890E', 'Elena', 'López', 'elena.lopez@email.com', '634567902', 'Gran Vía 43, Valencia');
INSERT INTO Clientes (ClienteDni, Nombre, Apellido, Email, Telefono, Direccion) VALUES ('45678901F', 'David', 'Martínez', 'david.martinez@email.com', '645679013', 'Calle Real 44, Sevilla');
INSERT INTO Clientes (ClienteDni, Nombre, Apellido, Email, Telefono, Direccion) VALUES ('56789012G', 'Raquel', 'Sánchez', 'raquel.sanchez@email.com', '656790124', 'Avenida de la Constitución 45, Zaragoza');
INSERT INTO Clientes (ClienteDni, Nombre, Apellido, Email, Telefono, Direccion) VALUES ('67890123H', 'Sergio', 'Ramírez', 'sergio.ramirez@email.com', '666778905', 'Calle Alcalá 46, Madrid');
INSERT INTO Clientes (ClienteDni, Nombre, Apellido, Email, Telefono, Direccion) VALUES ('78901234I', 'Cristina', 'Fernández', 'cristina.fernandez@email.com', '677889916', 'Plaza Mayor 47, Salamanca');
INSERT INTO Clientes (ClienteDni, Nombre, Apellido, Email, Telefono, Direccion) VALUES ('89012345J', 'Adrián', 'Gómez', 'adrian.gomez@email.com', '689012347', 'Calle Larios 48, Málaga');
INSERT INTO Clientes (ClienteDni, Nombre, Apellido, Email, Telefono, Direccion) VALUES ('90123456K', 'Lorena', 'Ruiz', 'lorena.ruiz@email.com', '690123458', 'Gran Vía 49, Bilbao');
INSERT INTO Clientes (ClienteDni, Nombre, Apellido, Email, Telefono, Direccion) VALUES ('01234567L', 'Rubén', 'Díaz', 'ruben.diaz@email.com', '601234569', 'Calle Colón 50, Valencia');

--INSERT Reservas (50)
INSERT INTO Reservas (ClienteDni, NumeroHabitacion, FechaEntrada, FechaSalida, NumeroAdultos, NumeroNinos, PrecioTotal, EstadoReserva) VALUES ('12345678A', 101, '2024-01-10', '2024-01-15', 2, 0, 300.00, 'Confirmada');
INSERT INTO Reservas (ClienteDni, NumeroHabitacion, FechaEntrada, FechaSalida, NumeroAdultos, NumeroNinos, PrecioTotal, EstadoReserva) VALUES ('23456789B', 102, '2024-01-12', '2024-01-17', 2, 1, 450.00, 'Confirmada');
INSERT INTO Reservas (ClienteDni, NumeroHabitacion, FechaEntrada, FechaSalida, NumeroAdultos, NumeroNinos, PrecioTotal, EstadoReserva) VALUES ('34567890C', 103, '2024-01-15', '2024-01-20', 1, 0, 250.00, 'Confirmada');
INSERT INTO Reservas (ClienteDni, NumeroHabitacion, FechaEntrada, FechaSalida, NumeroAdultos, NumeroNinos, PrecioTotal, EstadoReserva) VALUES ('45678901D', 104, '2024-01-18', '2024-01-25', 3, 2, 600.00, 'Confirmada');
INSERT INTO Reservas (ClienteDni, NumeroHabitacion, FechaEntrada, FechaSalida, NumeroAdultos, NumeroNinos, PrecioTotal, EstadoReserva) VALUES ('56789012E', 105, '2024-01-20', '2024-01-22', 2, 0, 350.00, 'Pendiente');
INSERT INTO Reservas (ClienteDni, NumeroHabitacion, FechaEntrada, FechaSalida, NumeroAdultos, NumeroNinos, PrecioTotal, EstadoReserva) VALUES ('67890123F', 106, '2024-02-01', '2024-02-05', 1, 0, 280.00, 'Confirmada');
INSERT INTO Reservas (ClienteDni, NumeroHabitacion, FechaEntrada, FechaSalida, NumeroAdultos, NumeroNinos, PrecioTotal, EstadoReserva) VALUES ('78901234G', 201, '2024-02-03', '2024-02-10', 2, 2, 520.00, 'Confirmada');
INSERT INTO Reservas (ClienteDni, NumeroHabitacion, FechaEntrada, FechaSalida, NumeroAdultos, NumeroNinos, PrecioTotal, EstadoReserva) VALUES ('89012345H', 202, '2024-02-05', '2024-02-08', 2, 0, 400.00, 'Confirmada');
INSERT INTO Reservas (ClienteDni, NumeroHabitacion, FechaEntrada, FechaSalida, NumeroAdultos, NumeroNinos, PrecioTotal, EstadoReserva) VALUES ('90123456I', 203, '2024-02-08', '2024-02-12', 1, 0, 320.00, 'Pendiente');
INSERT INTO Reservas (ClienteDni, NumeroHabitacion, FechaEntrada, FechaSalida, NumeroAdultos, NumeroNinos, PrecioTotal, EstadoReserva) VALUES ('01234567J', 204, '2024-02-11', '2024-02-16', 3, 1, 580.00, 'Confirmada');
INSERT INTO Reservas (ClienteDni, NumeroHabitacion, FechaEntrada, FechaSalida, NumeroAdultos, NumeroNinos, PrecioTotal, EstadoReserva) VALUES ('11223344K', 205, '2024-03-01', '2024-03-05', 2, 0, 360.00, 'Confirmada');
INSERT INTO Reservas (ClienteDni, NumeroHabitacion, FechaEntrada, FechaSalida, NumeroAdultos, NumeroNinos, PrecioTotal, EstadoReserva) VALUES ('22334455L', 206, '2024-03-03', '2024-03-07', 2, 0, 420.00, 'Confirmada');
INSERT INTO Reservas (ClienteDni, NumeroHabitacion, FechaEntrada, FechaSalida, NumeroAdultos, NumeroNinos, PrecioTotal, EstadoReserva) VALUES ('33445566M', 301, '2024-03-06', '2024-03-10', 1, 0, 290.00, 'Confirmada');
INSERT INTO Reservas (ClienteDni, NumeroHabitacion, FechaEntrada, FechaSalida, NumeroAdultos, NumeroNinos, PrecioTotal, EstadoReserva) VALUES ('44556677N', 302, '2024-03-08', '2024-03-15', 2, 2, 550.00, 'Confirmada');
INSERT INTO Reservas (ClienteDni, NumeroHabitacion, FechaEntrada, FechaSalida, NumeroAdultos, NumeroNinos, PrecioTotal, EstadoReserva) VALUES ('55667788O', 303, '2024-03-10', '2024-03-13', 2, 0, 410.00, 'Pendiente');
INSERT INTO Reservas (ClienteDni, NumeroHabitacion, FechaEntrada, FechaSalida, NumeroAdultos, NumeroNinos, PrecioTotal, EstadoReserva) VALUES ('66778899P', 304, '2024-04-01', '2024-04-04', 1, 0, 330.00, 'Confirmada');
INSERT INTO Reservas (ClienteDni, NumeroHabitacion, FechaEntrada, FechaSalida, NumeroAdultos, NumeroNinos, PrecioTotal, EstadoReserva) VALUES ('77889900Q', 305, '2024-04-03', '2024-04-07', 2, 1, 470.00, 'Confirmada');
INSERT INTO Reservas (ClienteDni, NumeroHabitacion, FechaEntrada, FechaSalida, NumeroAdultos, NumeroNinos, PrecioTotal, EstadoReserva) VALUES ('88990011R', 306, '2024-04-06', '2024-04-10', 2, 0, 390.00, 'Confirmada');
INSERT INTO Reservas (ClienteDni, NumeroHabitacion, FechaEntrada, FechaSalida, NumeroAdultos, NumeroNinos, PrecioTotal, EstadoReserva) VALUES ('99001122S', 401, '2024-04-09', '2024-04-12', 1, 0, 310.00, 'Pendiente');
INSERT INTO Reservas (ClienteDni, NumeroHabitacion, FechaEntrada, FechaSalida, NumeroAdultos, NumeroNinos, PrecioTotal, EstadoReserva) VALUES ('00112233T', 402, '2024-04-11', '2024-04-16', 3, 2, 620.00, 'Confirmada');
INSERT INTO Reservas (ClienteDni, NumeroHabitacion, FechaEntrada, FechaSalida, NumeroAdultos, NumeroNinos, PrecioTotal, EstadoReserva) VALUES ('12345678B', 403, '2024-05-01', '2024-05-04', 2, 0, 370.00, 'Confirmada');
INSERT INTO Reservas (ClienteDni, NumeroHabitacion, FechaEntrada, FechaSalida, NumeroAdultos, NumeroNinos, PrecioTotal, EstadoReserva) VALUES ('23456789C', 404, '2024-05-03', '2024-05-07', 2, 0, 430.00, 'Confirmada');
INSERT INTO Reservas (ClienteDni, NumeroHabitacion, FechaEntrada, FechaSalida, NumeroAdultos, NumeroNinos, PrecioTotal, EstadoReserva) VALUES ('34567890D', 107, '2024-05-06', '2024-05-10', 1, 0, 300.00, 'Confirmada');
INSERT INTO Reservas (ClienteDni, NumeroHabitacion, FechaEntrada, FechaSalida, NumeroAdultos, NumeroNinos, PrecioTotal, EstadoReserva) VALUES ('45678901E', 108, '2024-05-08', '2024-05-15', 2, 2, 560.00, 'Confirmada');
INSERT INTO Reservas (ClienteDni, NumeroHabitacion, FechaEntrada, FechaSalida, NumeroAdultos, NumeroNinos, PrecioTotal, EstadoReserva) VALUES ('56789012F', 109, '2024-05-10', '2024-05-13', 2, 0, 420.00, 'Pendiente');
INSERT INTO Reservas (ClienteDni, NumeroHabitacion, FechaEntrada, FechaSalida, NumeroAdultos, NumeroNinos, PrecioTotal, EstadoReserva) VALUES ('67890123G', 110, '2024-06-01', '2024-06-04', 1, 0, 340.00, 'Confirmada');
INSERT INTO Reservas (ClienteDni, NumeroHabitacion, FechaEntrada, FechaSalida, NumeroAdultos, NumeroNinos, PrecioTotal, EstadoReserva) VALUES ('78901234H', 111, '2024-06-03', '2024-06-07', 2, 1, 480.00, 'Confirmada');
INSERT INTO Reservas (ClienteDni, NumeroHabitacion, FechaEntrada, FechaSalida, NumeroAdultos, NumeroNinos, PrecioTotal, EstadoReserva) VALUES ('89012345I', 112, '2024-06-06', '2024-06-10', 2, 0, 400.00, 'Confirmada');
INSERT INTO Reservas (ClienteDni, NumeroHabitacion, FechaEntrada, FechaSalida, NumeroAdultos, NumeroNinos, PrecioTotal, EstadoReserva) VALUES ('90123456J', 113, '2024-06-09', '2024-06-12', 1, 0, 320.00, 'Pendiente');
INSERT INTO Reservas (ClienteDni, NumeroHabitacion, FechaEntrada, FechaSalida, NumeroAdultos, NumeroNinos, PrecioTotal, EstadoReserva) VALUES ('01234567K', 114, '2024-07-01', '2024-07-05', 2, 0, 380.00, 'Confirmada');
INSERT INTO Reservas (ClienteDni, NumeroHabitacion, FechaEntrada, FechaSalida, NumeroAdultos, NumeroNinos, PrecioTotal, EstadoReserva) VALUES ('11223344L', 115, '2024-07-03', '2024-07-07', 2, 0, 440.00, 'Confirmada');
INSERT INTO Reservas (ClienteDni, NumeroHabitacion, FechaEntrada, FechaSalida, NumeroAdultos, NumeroNinos, PrecioTotal, EstadoReserva) VALUES ('22334455M', 116, '2024-07-06', '2024-07-10', 1, 0, 310.00, 'Confirmada');
INSERT INTO Reservas (ClienteDni, NumeroHabitacion, FechaEntrada, FechaSalida, NumeroAdultos, NumeroNinos, PrecioTotal, EstadoReserva) VALUES ('33445566N', 117, '2024-07-08', '2024-07-15', 2, 2, 570.00, 'Confirmada');
INSERT INTO Reservas (ClienteDni, NumeroHabitacion, FechaEntrada, FechaSalida, NumeroAdultos, NumeroNinos, PrecioTotal, EstadoReserva) VALUES ('44556677O', 118, '2024-07-10', '2024-07-13', 2, 0, 430.00, 'Pendiente');
INSERT INTO Reservas (ClienteDni, NumeroHabitacion, FechaEntrada, FechaSalida, NumeroAdultos, NumeroNinos, PrecioTotal, EstadoReserva) VALUES ('55667788P', 119, '2024-08-01', '2024-08-04', 1, 0, 350.00, 'Confirmada');
INSERT INTO Reservas (ClienteDni, NumeroHabitacion, FechaEntrada, FechaSalida, NumeroAdultos, NumeroNinos, PrecioTotal, EstadoReserva) VALUES ('66778899Q', 120, '2024-08-03', '2024-08-07', 2, 1, 490.00, 'Confirmada');
INSERT INTO Reservas (ClienteDni, NumeroHabitacion, FechaEntrada, FechaSalida, NumeroAdultos, NumeroNinos, PrecioTotal, EstadoReserva) VALUES ('77889900R', 121, '2024-08-06', '2024-08-10', 2, 0, 410.00, 'Confirmada');
INSERT INTO Reservas (ClienteDni, NumeroHabitacion, FechaEntrada, FechaSalida, NumeroAdultos, NumeroNinos, PrecioTotal, EstadoReserva) VALUES ('88990011S', 207, '2024-08-09', '2024-08-12', 1, 0, 330.00, 'Pendiente');
INSERT INTO Reservas (ClienteDni, NumeroHabitacion, FechaEntrada, FechaSalida, NumeroAdultos, NumeroNinos, PrecioTotal, EstadoReserva) VALUES ('99001122T', 208, '2024-09-01', '2024-09-05', 2, 0, 390.00, 'Confirmada');
INSERT INTO Reservas (ClienteDni, NumeroHabitacion, FechaEntrada, FechaSalida, NumeroAdultos, NumeroNinos, PrecioTotal, EstadoReserva) VALUES ('00112233U', 209, '2024-09-03', '2024-09-07', 2, 0, 450.00, 'Confirmada');
INSERT INTO Reservas (ClienteDni, NumeroHabitacion, FechaEntrada, FechaSalida, NumeroAdultos, NumeroNinos, PrecioTotal, EstadoReserva) VALUES ('12345678A', 210, '2024-09-06', '2024-09-10', 1, 0, 320.00, 'Confirmada');
INSERT INTO Reservas (ClienteDni, NumeroHabitacion, FechaEntrada, FechaSalida, NumeroAdultos, NumeroNinos, PrecioTotal, EstadoReserva) VALUES ('23456789B', 211, '2024-09-08', '2024-09-15', 2, 2, 580.00, 'Confirmada');
INSERT INTO Reservas (ClienteDni, NumeroHabitacion, FechaEntrada, FechaSalida, NumeroAdultos, NumeroNinos, PrecioTotal, EstadoReserva) VALUES ('34567890C', 212, '2024-09-10', '2024-09-13', 2, 0, 440.00, 'Pendiente');
INSERT INTO Reservas (ClienteDni, NumeroHabitacion, FechaEntrada, FechaSalida, NumeroAdultos, NumeroNinos, PrecioTotal, EstadoReserva) VALUES ('45678901D', 213, '2024-10-01', '2024-10-04', 1, 0, 360.00, 'Confirmada');
INSERT INTO Reservas (ClienteDni, NumeroHabitacion, FechaEntrada, FechaSalida, NumeroAdultos, NumeroNinos, PrecioTotal, EstadoReserva) VALUES ('56789012E', 214, '2024-10-03', '2024-10-07', 2, 1, 500.00, 'Confirmada');
INSERT INTO Reservas (ClienteDni, NumeroHabitacion, FechaEntrada, FechaSalida, NumeroAdultos, NumeroNinos, PrecioTotal, EstadoReserva) VALUES ('67890123F', 215, '2024-10-06', '2024-10-10', 2, 0, 420.00, 'Confirmada');
INSERT INTO Reservas (ClienteDni, NumeroHabitacion, FechaEntrada, FechaSalida, NumeroAdultos, NumeroNinos, PrecioTotal, EstadoReserva) VALUES ('78901234G', 307, '2024-10-09', '2024-10-12', 1, 0, 340.00, 'Pendiente');
INSERT INTO Reservas (ClienteDni, NumeroHabitacion, FechaEntrada, FechaSalida, NumeroAdultos, NumeroNinos, PrecioTotal, EstadoReserva) VALUES ('89012345H', 308, '2024-11-01', '2024-11-05', 2, 0, 400.00, 'Confirmada');
INSERT INTO Reservas (ClienteDni, NumeroHabitacion, FechaEntrada, FechaSalida, NumeroAdultos, NumeroNinos, PrecioTotal, EstadoReserva) VALUES ('90123456I', 309, '2024-11-03', '2024-11-07', 2, 0, 460.00, 'Confirmada');
INSERT INTO Reservas (ClienteDni, NumeroHabitacion, FechaEntrada, FechaSalida, NumeroAdultos, NumeroNinos, PrecioTotal, EstadoReserva) VALUES ('01234567J', 310, '2024-11-06', '2024-11-10', 1, 0, 330.00, 'Confirmada');
INSERT INTO Reservas (ClienteDni, NumeroHabitacion, FechaEntrada, FechaSalida, NumeroAdultos, NumeroNinos, PrecioTotal, EstadoReserva) VALUES ('11223344K', 311, '2024-11-08', '2024-11-15', 2, 2, 590.00, 'Confirmada');
INSERT INTO Reservas (ClienteDni, NumeroHabitacion, FechaEntrada, FechaSalida, NumeroAdultos, NumeroNinos, PrecioTotal, EstadoReserva) VALUES ('22334455L', 312, '2024-11-10', '2024-11-13', 2, 0, 450.00, 'Pendiente');
INSERT INTO Reservas (ClienteDni, NumeroHabitacion, FechaEntrada, FechaSalida, NumeroAdultos, NumeroNinos, PrecioTotal, EstadoReserva) VALUES ('33445566M', 313, '2024-12-01', '2024-12-04', 1, 0, 370.00, 'Confirmada');
INSERT INTO Reservas (ClienteDni, NumeroHabitacion, FechaEntrada, FechaSalida, NumeroAdultos, NumeroNinos, PrecioTotal, EstadoReserva) VALUES ('44556677N', 314, '2024-12-03', '2024-12-07', 2, 1, 510.00, 'Confirmada');
INSERT INTO Reservas (ClienteDni, NumeroHabitacion, FechaEntrada, FechaSalida, NumeroAdultos, NumeroNinos, PrecioTotal, EstadoReserva) VALUES ('55667788O', 315, '2024-12-06', '2024-12-10', 2, 0, 430.00, 'Confirmada');
INSERT INTO Reservas (ClienteDni, NumeroHabitacion, FechaEntrada, FechaSalida, NumeroAdultos, NumeroNinos, PrecioTotal, EstadoReserva) VALUES ('66778899P', 405, '2024-12-09', '2024-12-12', 1, 0, 350.00, 'Pendiente');
INSERT INTO Reservas (ClienteDni, NumeroHabitacion, FechaEntrada, FechaSalida, NumeroAdultos, NumeroNinos, PrecioTotal, EstadoReserva) VALUES ('77889900Q', 406, '2025-01-02', '2025-01-06', 2, 0, 410.00, 'Confirmada');
INSERT INTO Reservas (ClienteDni, NumeroHabitacion, FechaEntrada, FechaSalida, NumeroAdultos, NumeroNinos, PrecioTotal, EstadoReserva) VALUES ('88990011R', 407, '2025-01-04', '2025-01-08', 2, 0, 470.00, 'Confirmada');
INSERT INTO Reservas (ClienteDni, NumeroHabitacion, FechaEntrada, FechaSalida, NumeroAdultos, NumeroNinos, PrecioTotal, EstadoReserva) VALUES ('99001122S', 408, '2025-01-07', '2025-01-11', 1, 0, 340.00, 'Confirmada');
INSERT INTO Reservas (ClienteDni, NumeroHabitacion, FechaEntrada, FechaSalida, NumeroAdultos, NumeroNinos, PrecioTotal, EstadoReserva) VALUES ('00112233T', 409, '2025-01-09', '2025-01-16', 3, 2, 600.00, 'Confirmada');

--INSERT HistorialPagos (20)
INSERT INTO HistorialPagos (HistorialPagoID, Cuantia, Fecha, Concepto, ReservaID, EmpleadoDni) VALUES (1, 150.00, '2024-01-15', 'Reserva', 1, NULL);
INSERT INTO HistorialPagos (HistorialPagoID, Cuantia, Fecha, Concepto, ReservaID, EmpleadoDni) VALUES (2, 200.00, '2024-02-20', 'Reserva', 2, NULL);
INSERT INTO HistorialPagos (HistorialPagoID, Cuantia, Fecha, Concepto, ReservaID, EmpleadoDni) VALUES (3, 100.00, '2024-03-10', 'Reserva', 3, NULL);
INSERT INTO HistorialPagos (HistorialPagoID, Cuantia, Fecha, Concepto, ReservaID, EmpleadoDni) VALUES (4, 300.00, '2024-04-05', 'Reserva', 4, NULL);
INSERT INTO HistorialPagos (HistorialPagoID, Cuantia, Fecha, Concepto, ReservaID, EmpleadoDni) VALUES (5, 250.00, '2024-05-12', 'Reserva', 5, NULL);
INSERT INTO HistorialPagos (HistorialPagoID, Cuantia, Fecha, Concepto, ReservaID, EmpleadoDni) VALUES (6, 180.00, '2024-06-18', 'Reserva', 6, NULL);
INSERT INTO HistorialPagos (HistorialPagoID, Cuantia, Fecha, Concepto, ReservaID, EmpleadoDni) VALUES (7, 220.00, '2024-07-22', 'Reserva', 7, NULL);
INSERT INTO HistorialPagos (HistorialPagoID, Cuantia, Fecha, Concepto, ReservaID, EmpleadoDni) VALUES (8, 120.00, '2024-08-15', 'Reserva', 8, NULL);
INSERT INTO HistorialPagos (HistorialPagoID, Cuantia, Fecha, Concepto, ReservaID, EmpleadoDni) VALUES (9, 280.00, '2024-09-20', 'Reserva', 9, NULL);
INSERT INTO HistorialPagos (HistorialPagoID, Cuantia, Fecha, Concepto, ReservaID, EmpleadoDni) VALUES (10, 210.00, '2024-10-10', 'Reserva', 10, NULL);
INSERT INTO HistorialPagos (HistorialPagoID, Cuantia, Fecha, Concepto, ReservaID, EmpleadoDni) VALUES (11, -50.00, '2024-02-01', 'Reembolso', 1, NULL);
INSERT INTO HistorialPagos (HistorialPagoID, Cuantia, Fecha, Concepto, ReservaID, EmpleadoDni) VALUES (12, -75.00, '2024-03-01', 'Reembolso', 2, NULL);
INSERT INTO HistorialPagos (HistorialPagoID, Cuantia, Fecha, Concepto, ReservaID, EmpleadoDni) VALUES (13, -25.00, '2024-04-15', 'Reembolso', 3, NULL);
INSERT INTO HistorialPagos (HistorialPagoID, Cuantia, Fecha, Concepto, ReservaID, EmpleadoDni) VALUES (14, 1200.00, '2024-01-31', 'Pago Empleado', NULL, '25701845Z');
INSERT INTO HistorialPagos (HistorialPagoID, Cuantia, Fecha, Concepto, ReservaID, EmpleadoDni) VALUES (15, 1500.00, '2024-02-29', 'Pago Empleado', NULL, '48963258P');
INSERT INTO HistorialPagos (HistorialPagoID, Cuantia, Fecha, Concepto, ReservaID, EmpleadoDni) VALUES (16, 1000.00, '2024-03-31', 'Pago Empleado', NULL, '37852146L');
INSERT INTO HistorialPagos (HistorialPagoID, Cuantia, Fecha, Concepto, ReservaID, EmpleadoDni) VALUES (17, 1300.00, '2024-04-30', 'Pago Empleado', NULL, '19638527A');
INSERT INTO HistorialPagos (HistorialPagoID, Cuantia, Fecha, Concepto, ReservaID, EmpleadoDni) VALUES (18, 1600.00, '2024-05-31', 'Pago Empleado', NULL, '92581473B');
INSERT INTO HistorialPagos (HistorialPagoID, Cuantia, Fecha, Concepto, ReservaID, EmpleadoDni) VALUES (19, 1100.00, '2024-06-30', 'Pago Empleado', NULL, '61478529C');
INSERT INTO HistorialPagos (HistorialPagoID, Cuantia, Fecha, Concepto, ReservaID, EmpleadoDni) VALUES (20, 1400.00, '2024-07-31', 'Pago Empleado', NULL, '74185296D');

--INSERT Garaje (80)
INSERT INTO Garaje (NumeroPlaza, Estado) VALUES (101, 'Disponible');
INSERT INTO Garaje (NumeroPlaza, Estado) VALUES (102, 'Disponible');
INSERT INTO Garaje (NumeroPlaza, Estado) VALUES (103, 'Ocupada');
INSERT INTO Garaje (NumeroPlaza, Estado) VALUES (104, 'Disponible');
INSERT INTO Garaje (NumeroPlaza, Estado) VALUES (105, 'Disponible');
INSERT INTO Garaje (NumeroPlaza, Estado) VALUES (106, 'Mantenimiento');
INSERT INTO Garaje (NumeroPlaza, Estado) VALUES (107, 'Disponible');
INSERT INTO Garaje (NumeroPlaza, Estado) VALUES (108, 'Disponible');
INSERT INTO Garaje (NumeroPlaza, Estado) VALUES (109, 'Ocupada');
INSERT INTO Garaje (NumeroPlaza, Estado) VALUES (110, 'Disponible');
INSERT INTO Garaje (NumeroPlaza, Estado) VALUES (111, 'Disponible');
INSERT INTO Garaje (NumeroPlaza, Estado) VALUES (112, 'Disponible');
INSERT INTO Garaje (NumeroPlaza, Estado) VALUES (113, 'Disponible');
INSERT INTO Garaje (NumeroPlaza, Estado) VALUES (114, 'Ocupada');
INSERT INTO Garaje (NumeroPlaza, Estado) VALUES (115, 'Disponible');
INSERT INTO Garaje (NumeroPlaza, Estado) VALUES (116, 'Disponible');
INSERT INTO Garaje (NumeroPlaza, Estado) VALUES (117, 'Disponible');
INSERT INTO Garaje (NumeroPlaza, Estado) VALUES (118, 'Ocupada');
INSERT INTO Garaje (NumeroPlaza, Estado) VALUES (119, 'Disponible');
INSERT INTO Garaje (NumeroPlaza, Estado) VALUES (120, 'Disponible');
INSERT INTO Garaje (NumeroPlaza, Estado) VALUES (121, 'Disponible');
INSERT INTO Garaje (NumeroPlaza, Estado) VALUES (201, 'Disponible');
INSERT INTO Garaje (NumeroPlaza, Estado) VALUES (202, 'Disponible');
INSERT INTO Garaje (NumeroPlaza, Estado) VALUES (203, 'Ocupada');
INSERT INTO Garaje (NumeroPlaza, Estado) VALUES (204, 'Disponible');
INSERT INTO Garaje (NumeroPlaza, Estado) VALUES (205, 'Disponible');
INSERT INTO Garaje (NumeroPlaza, Estado) VALUES (206, 'Disponible');
INSERT INTO Garaje (NumeroPlaza, Estado) VALUES (207, 'Ocupada');
INSERT INTO Garaje (NumeroPlaza, Estado) VALUES (208, 'Disponible');
INSERT INTO Garaje (NumeroPlaza, Estado) VALUES (209, 'Disponible');
INSERT INTO Garaje (NumeroPlaza, Estado) VALUES (210, 'Disponible');
INSERT INTO Garaje (NumeroPlaza, Estado) VALUES (211, 'Ocupada');
INSERT INTO Garaje (NumeroPlaza, Estado) VALUES (212, 'Disponible');
INSERT INTO Garaje (NumeroPlaza, Estado) VALUES (213, 'Disponible');
INSERT INTO Garaje (NumeroPlaza, Estado) VALUES (214, 'Disponible');
INSERT INTO Garaje (NumeroPlaza, Estado) VALUES (215, 'Ocupada');
INSERT INTO Garaje (NumeroPlaza, Estado) VALUES (216, 'Disponible');
INSERT INTO Garaje (NumeroPlaza, Estado) VALUES (217, 'Disponible');
INSERT INTO Garaje (NumeroPlaza, Estado) VALUES (218, 'Disponible');
INSERT INTO Garaje (NumeroPlaza, Estado) VALUES (219, 'Ocupada');
INSERT INTO Garaje (NumeroPlaza, Estado) VALUES (220, 'Disponible');
INSERT INTO Garaje (NumeroPlaza, Estado) VALUES (221, 'Disponible');
INSERT INTO Garaje (NumeroPlaza, Estado) VALUES (301, 'Disponible');
INSERT INTO Garaje (NumeroPlaza, Estado) VALUES (302, 'Ocupada');
INSERT INTO Garaje (NumeroPlaza, Estado) VALUES (303, 'Disponible');
INSERT INTO Garaje (NumeroPlaza, Estado) VALUES (304, 'Disponible');
INSERT INTO Garaje (NumeroPlaza, Estado) VALUES (305, 'Disponible');
INSERT INTO Garaje (NumeroPlaza, Estado) VALUES (306, 'Ocupada');
INSERT INTO Garaje (NumeroPlaza, Estado) VALUES (307, 'Disponible');
INSERT INTO Garaje (NumeroPlaza, Estado) VALUES (308, 'Disponible');
INSERT INTO Garaje (NumeroPlaza, Estado) VALUES (309, 'Ocupada');
INSERT INTO Garaje (NumeroPlaza, Estado) VALUES (310, 'Disponible');
INSERT INTO Garaje (NumeroPlaza, Estado) VALUES (311, 'Disponible');
INSERT INTO Garaje (NumeroPlaza, Estado) VALUES (312, 'Ocupada');
INSERT INTO Garaje (NumeroPlaza, Estado) VALUES (313, 'Disponible');
INSERT INTO Garaje (NumeroPlaza, Estado) VALUES (314, 'Disponible');
INSERT INTO Garaje (NumeroPlaza, Estado) VALUES (315, 'Disponible');
INSERT INTO Garaje (NumeroPlaza, Estado) VALUES (316, 'Ocupada');
INSERT INTO Garaje (NumeroPlaza, Estado) VALUES (317, 'Disponible');
INSERT INTO Garaje (NumeroPlaza, Estado) VALUES (318, 'Disponible');
INSERT INTO Garaje (NumeroPlaza, Estado) VALUES (319, 'Disponible');
INSERT INTO Garaje (NumeroPlaza, Estado) VALUES (320, 'Ocupada');
INSERT INTO Garaje (NumeroPlaza, Estado) VALUES (321, 'Disponible');
INSERT INTO Garaje (NumeroPlaza, Estado) VALUES (401, 'Disponible');
INSERT INTO Garaje (NumeroPlaza, Estado) VALUES (402, 'Disponible');
INSERT INTO Garaje (NumeroPlaza, Estado) VALUES (403, 'Ocupada');
INSERT INTO Garaje (NumeroPlaza, Estado) VALUES (404, 'Disponible');
INSERT INTO Garaje (NumeroPlaza, Estado) VALUES (405, 'Disponible');
INSERT INTO Garaje (NumeroPlaza, Estado) VALUES (406, 'Disponible');
INSERT INTO Garaje (NumeroPlaza, Estado) VALUES (407, 'Ocupada');
INSERT INTO Garaje (NumeroPlaza, Estado) VALUES (408, 'Disponible');
INSERT INTO Garaje (NumeroPlaza, Estado) VALUES (409, 'Disponible');
INSERT INTO Garaje (NumeroPlaza, Estado) VALUES (410, 'Ocupada');
INSERT INTO Garaje (NumeroPlaza, Estado) VALUES (411, 'Disponible');
INSERT INTO Garaje (NumeroPlaza, Estado) VALUES (412, 'Disponible');
INSERT INTO Garaje (NumeroPlaza, Estado) VALUES (413, 'Ocupada');
INSERT INTO Garaje (NumeroPlaza, Estado) VALUES (414, 'Disponible');
INSERT INTO Garaje (NumeroPlaza, Estado) VALUES (415, 'Disponible');
INSERT INTO Garaje (NumeroPlaza, Estado) VALUES (416, 'Disponible');
INSERT INTO Garaje (NumeroPlaza, Estado) VALUES (417, 'Ocupada');
INSERT INTO Garaje (NumeroPlaza, Estado) VALUES (418, 'Disponible');
INSERT INTO Garaje (NumeroPlaza, Estado) VALUES (419, 'Disponible');
INSERT INTO Garaje (NumeroPlaza, Estado) VALUES (420, 'Disponible');
INSERT INTO Garaje (NumeroPlaza, Estado) VALUES (421, 'Ocupada');

--INSERT Eventos (10)
INSERT INTO Eventos (NombreEvento, FechaEvento, HoraInicio, Precio, Capacidad) VALUES ('Boda de Oro', '2024-07-20', '20:00:00', 5000.00, 100);
INSERT INTO Eventos (NombreEvento, FechaEvento, HoraInicio, Precio, Capacidad) VALUES ('Comunión', '2024-05-15', '14:00:00', 2000.00, 50);
INSERT INTO Eventos (NombreEvento, FechaEvento, HoraInicio, Precio, Capacidad) VALUES ('Cena de Empresa', '2024-12-24', '21:30:00', 3000.00, 80);
INSERT INTO Eventos (NombreEvento, FechaEvento, HoraInicio, Precio, Capacidad) VALUES ('Banquete de Boda', '2025-06-10', '21:00:00', 6000.00, 120);
INSERT INTO Eventos (NombreEvento, FechaEvento, HoraInicio, Precio, Capacidad) VALUES ('Fiesta de Graduación', '2024-06-28', '22:00:00', 2500.00, 70);
INSERT INTO Eventos (NombreEvento, FechaEvento, HoraInicio, Precio, Capacidad) VALUES ('Cumpleaños Adulto', '2024-08-03', '21:00:00', 1500.00, 30);
INSERT INTO Eventos (NombreEvento, FechaEvento, HoraInicio, Precio, Capacidad) VALUES ('Bautizo', '2024-09-01', '13:00:00', 1800.00, 40);
INSERT INTO Eventos (NombreEvento, FechaEvento, HoraInicio, Precio, Capacidad) VALUES ('Aniversario', '2024-10-26', '20:30:00', 4000.00, 90);
INSERT INTO Eventos (NombreEvento, FechaEvento, HoraInicio, Precio, Capacidad) VALUES ('Reunión Familiar', '2024-11-01', '12:00:00', 1000.00, 20);
INSERT INTO Eventos (NombreEvento, FechaEvento, HoraInicio, Precio, Capacidad) VALUES ('Fiesta de Navidad', '2024-12-25', '22:00:00', 3500.00, 100);